<?xml version="1.0" encoding="UTF-8"?>
<!--  Generated by MyEclipse Hibernate Tools.                    -->
<hibernate-configuration>
<session-factory>
<property name="hbm2ddl.auto">update</property>
<property name="dialect">org.hibernate.dialect.MySQLDialect</property>
<property name="connection.url">jdbc:mysql://localhost:3306/flyaway</property>
<property name="connection.username">root</property>
<property name="connection.password">root</property>
<property name="connection.driver_class">com.mysql.jdbc.Driver</property>
<property name="hibernate.current_session_context_class">thread</property>
<property name="hibernate.show_sql">true</property>

<mapping resource="user.hbm.xml"/>

</session-factory>
</hibernate-configuration>